,C001_L-92,C001_L-44,C001_L-3,C001_R+1,C002_L-92,C002_L-44,C002_L-3,C002_R+1,C003_L-92,C003_L-44,C003_L-3,C003_R+1,C004_L-92,C004_L-44,C004_L-3,C004_R+1,C001_L-92.1,C001_L-44.1,C001_L-3.1,C001_R+1.1,C002_L-92.1,C002_L-44.1,C002_L-3.1,C002_R+1.1,C003_L-92.1,C003_L-44.1,C003_L-3.1,C003_R+1.1,C004_L-92.1,C004_L-44.1,C004_L-3.1,C004_R+1.1,DESeq2_log2FC,DESeq2_p-value,DESeq2_adjusted p-value,pipeline-transcriptome-de_log2FC,pipeline-transcriptome-de_p-value,pipeline-transcriptome-de_adjusted p-value,ENSEMBL_clean,symbol,name,domain
ENSG00000004939.16,61,27,30,25,268,65,319,61,156,52,215,10,97,96,201,100,57,26,28,23,258,61,293,60,151,49,208,11,91,91,198,98,-0.001,9.95021579306941e-05,0.0261690675357725,-1.62135312631413,1.80177040380871e-07,0.0003171279708012,ENSG00000004939,SLC4A1,solute carrier family 4 member 1 (Diego blood group),Erythroid_RBC
ENSG00000008441.19,18,12,12,19,71,18,52,12,51,22,57,6,21,24,61,34,17,12,11,16,68,17,43,11,49,21,52,5,18,21,57,33,0.0,0.008627706820339,0.307272183528532,-1.26533967623702,0.0001108707363963,0.039028515043083,ENSG00000008441,NFIX,nuclear factor I X,Transcriptional_Regulation
ENSG00000029534.21,10,8,5,8,42,20,35,7,21,11,37,0,5,12,29,7,10,8,5,8,38,18,32,7,19,8,34,0,4,11,28,7,-0.001,0.0006034856175959,0.0855689283902716,-1.76153989426814,8.83107529071387e-06,0.0077717476683414,ENSG00000029534,ANK1,ankyrin 1,Erythroid_RBC
ENSG00000057757.10,21,17,13,16,71,20,71,10,37,25,79,12,38,38,69,43,20,17,13,16,71,20,69,10,37,25,78,11,37,38,69,42,-0.001,0.0006908981989223,0.0855689283902716,-1.35170873925416,2.61929527701629e-05,0.0137059934752196,ENSG00000057757,PITHD1,PITH domain containing 1,Other
ENSG00000063854.13,109,78,65,73,102,27,98,26,106,55,224,18,114,132,267,173,106,77,63,70,98,25,93,25,106,53,214,17,113,129,264,174,-0.001,0.0010374468010253,0.101343731791595,-1.23674074024615,4.02633365615622e-05,0.0185604395040097,ENSG00000063854,HAGH,hydroxyacylglutathione hydrolase,Other
ENSG00000066926.13,20,12,8,9,75,17,56,13,39,18,76,7,23,29,63,38,19,10,7,8,72,16,54,12,38,16,73,7,22,28,62,36,-0.001,0.0014398751051211,0.113381425026381,-1.44035957887971,1.4628837684162e-05,0.0094409642134353,ENSG00000066926,FECH,ferrochelatase,Erythroid_RBC
ENSG00000070182.21,3,3,3,0,19,4,26,3,7,3,13,0,7,11,20,4,3,3,2,0,16,3,25,4,7,3,13,0,7,11,20,5,0.0,8.2039884523223e-05,,-2.34152184963992,2.0969088889581e-05,0.0123025009088235,ENSG00000070182,SPTB,"spectrin beta, erythrocytic",Erythroid_RBC
ENSG00000079308.20,22,8,16,8,98,29,171,38,48,24,89,5,31,27,75,32,19,7,13,8,98,25,164,36,46,21,86,5,30,26,74,30,-0.001,0.0006996920540359,0.0855689283902716,-1.36076157267972,2.32095921884254e-05,0.0129721398464146,ENSG00000079308,TNS1,tensin 1,Other
ENSG00000086506.3,65,45,41,41,132,34,106,31,76,20,78,7,41,30,57,35,64,45,40,41,130,33,104,31,76,20,78,8,40,29,57,35,-0.001,0.0019934524605388,0.12939329560072,-1.31740127196649,1.45440169218169e-05,0.0094409642134353,ENSG00000086506,HBQ1,hemoglobin subunit theta 1,Erythroid_RBC
ENSG00000090013.11,222,190,117,141,212,87,191,60,327,136,691,70,368,459,696,573,215,191,115,141,202,87,182,57,325,135,690,69,362,457,691,570,-0.001,0.0012718896169385,0.113381425026381,-1.17223853991504,0.0001161869862937,0.0396783373216144,ENSG00000090013,BLVRB,biliverdin reductase B,Erythroid_RBC
ENSG00000099804.9,50,37,22,43,182,60,146,37,117,48,138,10,74,92,167,114,50,36,21,43,175,57,130,36,112,47,131,10,70,88,164,111,-0.001,0.0030106916217483,0.158362379303962,-1.25808610127083,3.16774254513618e-05,0.0161396482674688,ENSG00000099804,CDC34,"cell division cycle 34, ubiquitin conjugating enzyme",Protein_Degradation
ENSG00000100325.15,51,24,40,33,121,46,154,35,82,19,147,6,56,64,152,81,51,23,38,32,119,44,147,34,81,17,144,6,54,62,151,80,-0.001,0.0008016946178792,0.0913664632843029,-1.3402475890013,1.0928212625826e-05,0.0082588289078562,ENSG00000100325,ASCC2,activating signal cointegrator 1 complex subunit 2,Other
ENSG00000103342.13,74,35,57,53,307,71,354,71,110,46,226,20,79,75,169,128,72,33,56,52,302,70,351,68,107,45,224,19,75,73,170,128,-0.001,0.0022134475818231,0.135138880040236,-1.12369571910447,0.0001435764362301,0.0455702193746102,ENSG00000103342,GSPT1,G1 to S phase transition 1,Other
ENSG00000104522.16,9,7,4,4,34,8,14,3,24,7,29,5,31,14,30,32,14,15,9,11,63,15,24,7,56,20,63,9,38,26,62,47,0.0,0.0091574739496744,0.313094034339369,-1.39492996192497,2.3450487816978e-05,0.0129721398464146,ENSG00000104522,GFUS,GDP-L-fucose synthase,Other
ENSG00000105647.19,0,0,0,0,0,0,0,0,0,0,0,0,0,0,0,0,0,0,0,0,15,0,20,0,0,0,15,0,0,4,13,0,0.0,,,-5.28542849434284,1.20967966905065e-06,0.0019517173393741,ENSG00000105647,PIK3R2,phosphoinositide-3-kinase regulatory subunit 2,Other
ENSG00000106992.19,0,0,2,0,2,1,1,0,1,0,0,0,0,0,1,0,11,0,15,7,21,6,26,3,18,2,23,2,12,22,45,14,0.0,0.258635678049761,,-1.7658469970579,1.64201748148883e-05,0.0102551936964855,ENSG00000106992,AK1,adenylate kinase 1,Other
ENSG00000107262.26,107,86,78,73,252,87,409,52,141,51,218,28,170,151,276,194,103,84,76,72,243,83,402,51,135,50,209,26,162,147,271,191,-0.001,2.53752383430766e-05,0.0173515879789958,-1.32001838761924,1.06595365560949e-05,0.0082588289078562,ENSG00000107262,BAG1,BAG cochaperone 1,Other
ENSG00000123240.17,22,27,28,23,60,32,102,17,50,18,69,5,48,60,96,63,21,26,27,23,58,32,101,18,49,19,68,6,46,60,93,62,-0.001,8.72354242637234e-05,0.0260159331322582,-1.2675379759752,4.98204967080772e-05,0.0209690138427192,ENSG00000123240,OPTN,optineurin,Other
ENSG00000130821.17,37,10,13,15,111,31,90,24,67,18,109,1,40,39,92,37,36,11,12,15,111,31,83,24,65,18,109,1,39,38,91,37,-0.001,0.0007007692292856,0.0855689283902716,-1.73485666416929,9.49801937169952e-08,0.0001838911530554,ENSG00000130821,SLC6A8,solute carrier family 6 member 8,Other
ENSG00000133606.11,195,74,93,106,642,103,464,108,375,96,662,47,325,265,567,379,187,71,91,104,628,102,452,102,367,95,657,43,317,255,555,371,-0.001,0.0018593585392127,0.12939329560072,-1.41780719209567,4.43376320623854e-06,0.0047690049686658,ENSG00000133606,MKRN1,makorin ring finger protein 1,Protein_Degradation
ENSG00000137198.10,33,25,23,29,146,50,132,37,78,34,185,12,70,70,151,74,32,24,21,28,144,50,129,37,77,34,181,12,68,68,150,73,-0.001,0.0010894729361616,0.103469665798243,-1.26060612001602,3.74833485127364e-05,0.0181428777638772,ENSG00000137198,GMPR,guanosine monophosphate reductase,Other
ENSG00000143416.21,69,43,15,24,248,80,206,69,123,58,205,20,99,117,192,111,67,41,16,22,243,78,199,68,123,56,202,19,97,116,191,110,-0.001,0.0014176851998439,0.113381425026381,-1.457434439068,1.86845413203719e-06,0.0026049389308836,ENSG00000143416,SELENBP1,selenium binding protein 1,Other
ENSG00000145335.17,87,69,44,55,287,132,469,81,205,145,444,31,98,209,338,225,84,68,43,56,284,128,459,79,201,143,440,30,95,205,331,225,-0.001,0.000118398567457,0.0289146215811094,-1.33014591157658,1.17941227317527e-05,0.0082588289078562,ENSG00000145335,SNCA,synuclein alpha,Other
ENSG00000158578.21,234,145,109,131,1172,322,938,353,1090,522,1431,74,597,655,1283,646,230,142,105,127,1133,316,911,343,1058,513,1405,69,587,644,1251,637,-0.001,0.0014591350398247,0.113381425026381,-1.44659689210014,9.79938671928015e-06,0.0082489533161731,ENSG00000158578,ALAS2,5'-aminolevulinate synthase 2,Erythroid_RBC
ENSG00000158856.19,168,128,110,129,667,216,942,246,322,134,531,34,321,241,525,277,159,123,97,128,636,209,853,239,307,132,507,32,300,229,513,271,-0.001,0.0014155208470181,0.113381425026381,-1.18127355574122,0.0001375892396741,0.0451502588022295,ENSG00000158856,DMTN,dematin actin binding protein,Erythroid_RBC
ENSG00000162366.8,79,64,40,60,291,95,271,79,111,36,226,18,139,129,223,132,76,64,40,61,283,92,256,77,110,36,220,17,136,127,221,131,-0.001,0.0021466571838763,0.133444016575879,-1.20496157313116,5.9619276333808e-05,0.0226331139038991,ENSG00000162366,PDZK1IP1,PDZK1 interacting protein 1,Other
ENSG00000162722.9,37,16,18,14,156,48,210,24,68,18,100,4,30,46,102,48,39,16,17,16,163,51,202,27,68,19,110,4,29,47,110,49,-0.001,1.34915373517458e-05,0.015375855401873,-1.75932929644702,3.31239594734204e-08,8.01641224206116e-05,ENSG00000162722,TRIM58,tripartite motif containing 58,Erythroid_RBC
ENSG00000164849.10,10,6,3,6,29,19,50,11,36,10,44,3,14,13,41,19,11,5,3,6,27,19,50,10,34,10,42,3,14,12,39,17,-0.001,0.0046012542892627,0.215502581027251,-1.39363976421977,0.0001433939794328,0.0455702193746102,ENSG00000164849,GPR146,G protein-coupled receptor 146,Other
ENSG00000166947.15,1,2,0,2,14,0,9,2,7,0,2,0,3,1,6,2,17,13,3,10,111,29,48,7,42,15,72,3,38,43,74,35,0.0,0.191974349637228,,-2.04854195792417,4.79820244276034e-09,1.85795994988566e-05,ENSG00000166947,EPB42,erythrocyte membrane protein band 4.2,Erythroid_RBC
ENSG00000167671.12,114,93,112,84,475,138,532,126,198,84,400,24,316,256,517,302,108,88,105,81,461,128,508,125,196,77,392,23,304,246,506,297,-0.001,9.13106749304179e-05,0.0260159331322582,-1.34679914019771,1.19439703228126e-05,0.0082588289078562,ENSG00000167671,UBXN6,UBX domain protein 6,Protein_Degradation
ENSG00000167705.12,10,9,6,6,23,10,27,1,9,6,16,0,19,13,15,24,20,18,12,8,42,28,51,7,26,8,28,1,34,27,25,48,-0.001,0.0011705028999301,0.108160794996249,-1.5541903761141,6.04046828581144e-06,0.0055690241181712,ENSG00000167705,RILP,Rab interacting lysosomal protein,Other
ENSG00000167768.4,40,22,21,22,86,19,53,26,50,16,189,7,86,107,186,98,39,22,20,22,81,18,50,26,49,16,186,8,86,104,183,97,-0.001,0.0059771544093314,0.24621555331933,-1.25308949464221,5.92494339734775e-05,0.0226331139038991,ENSG00000167768,KRT1,keratin 1,Other
ENSG00000167992.14,3,2,4,2,35,10,30,8,14,3,17,0,6,7,18,3,3,2,4,2,34,9,26,7,14,3,16,0,5,7,18,3,0.0,0.0023561948917789,0.137834414328665,-1.95216409948582,4.31424827633752e-05,0.018983672926857,ENSG00000167992,VWCE,von Willebrand factor C and EGF domains,Other
ENSG00000168785.8,27,18,12,25,115,23,96,18,68,13,92,4,47,43,63,67,26,17,11,25,112,23,92,18,66,13,90,4,47,43,59,67,0.0,0.0091116688526559,0.313094034339369,-1.19300684314482,0.0001215604665456,0.0405781412550148,ENSG00000168785,TSPAN5,tetraspanin 5,Other
ENSG00000169877.10,93,48,17,25,184,54,98,20,114,37,213,12,142,208,213,170,91,46,15,25,176,53,94,19,110,36,204,12,136,204,204,169,-0.001,5.94879564774787e-05,0.0254236653995625,-1.93483703854319,9.44695387985108e-10,4.57256185169492e-06,ENSG00000169877,AHSP,alpha hemoglobin stabilizing protein,Erythroid_RBC
ENSG00000170271.11,27,8,17,12,47,17,44,8,25,11,31,1,11,9,29,16,27,7,14,11,45,16,39,8,25,10,30,1,10,9,27,16,-0.001,0.0009934782507315,0.101343731791595,-1.53047124339144,1.86540929432623e-05,0.0112863091710782,ENSG00000170271,FAXDC2,fatty acid hydroxylase domain containing 2,Other
ENSG00000171552.14,167,106,111,93,552,163,602,123,242,101,421,31,161,197,401,222,163,103,109,91,546,160,592,120,235,100,418,29,159,195,392,220,-0.001,5.33302291043025e-05,0.0254236653995625,-1.46720032304035,1.88363953475394e-06,0.0026049389308836,ENSG00000171552,BCL2L1,BCL2 like 1,Other
ENSG00000175745.15,1,0,0,0,0,0,0,0,0,0,1,0,0,0,0,0,0,0,0,2,1,0,0,13,0,1,2,1,1,1,0,0,0.0,0.854853056388815,,3.07479708881454,5.62553460851793e-05,0.0226331139038991,ENSG00000175745,NR2F1,nuclear receptor subfamily 2 group F member 1,Transcriptional_Regulation
ENSG00000181788.4,39,27,25,24,121,25,109,26,58,21,130,8,65,43,96,81,39,26,25,24,118,25,103,26,58,21,127,8,63,43,95,79,-0.001,0.0017212198154261,0.127931533672654,-1.24915917145851,3.89923271580093e-05,0.0184129377099078,ENSG00000181788,SIAH2,siah E3 ubiquitin protein ligase 2,Protein_Degradation
ENSG00000183508.5,45,21,14,20,215,30,110,24,109,41,165,8,71,56,154,75,44,21,13,20,198,29,109,24,102,40,161,8,68,56,149,69,-0.001,0.0003393639943572,0.064460305372637,-1.77221371807537,2.23846627165309e-08,6.30337785452899e-05,ENSG00000183508,TENT5C,terminal nucleotidyltransferase 5C,Other
ENSG00000184481.17,11,2,7,2,26,9,35,3,9,9,16,1,15,10,15,15,11,2,6,2,22,8,34,3,8,8,16,1,15,10,15,15,-0.001,0.0004843854315322,0.0751558788107704,-1.77980766659083,4.22461287501012e-05,0.018983672926857,ENSG00000184481,FOXO4,forkhead box O4,Transcriptional_Regulation
ENSG00000184792.16,18,15,8,9,90,20,68,18,31,15,38,6,12,12,26,14,17,15,8,9,89,20,66,18,29,15,38,5,12,12,27,14,-0.001,0.004138407892156,0.202395782950167,-1.35678683472706,5.76640301341605e-05,0.0226331139038991,ENSG00000184792,OSBP2,oxysterol binding protein 2,Other
ENSG00000198876.13,152,106,82,109,885,224,877,216,325,126,656,39,259,260,531,342,151,104,80,108,866,219,843,211,321,120,647,36,251,258,524,330,-0.001,0.0010117316298282,0.101343731791595,-1.28577859350335,3.29855187140106e-05,0.0163751955851784,ENSG00000198876,DCAF12,DDB1 and CUL4 associated factor 12,Protein_Degradation
ENSG00000206177.7,179,138,81,84,576,226,556,165,305,113,504,42,342,326,486,311,178,137,79,83,574,225,553,164,304,113,505,40,340,321,485,308,-0.001,0.0002171764675808,0.0464078964161745,-1.46864835688681,2.47244127099482e-06,0.0029918084654831,ENSG00000206177,HBM,hemoglobin subunit mu,Erythroid_RBC
ENSG00000211964.3,0,0,0,0,0,0,0,0,1,0,0,1,0,0,0,1,0,0,0,0,0,0,0,5,0,0,0,7,0,0,3,5,0.0,0.808253155287267,,3.77150169087118,3.71912729427944e-06,0.0042356484437967,ENSG00000211964,IGHV3-48,immunoglobulin heavy variable 3-48,Adaptive_Immunity
ENSG00000212907.2,5,8,5,6,8,0,10,3,4,5,8,2,13,2,10,18,139,332,226,993,167,75,83,288,142,104,931,208,229,188,974,1146,0.0,0.446597105319055,,1.06840522940706,0.0001168155171391,0.0396783373216144,ENSG00000212907,MT-ND4L,NADH dehydrogenase subunit 4L,Mitochondrial
ENSG00000213648.11,0,0,0,0,0,0,0,0,0,0,0,0,0,0,0,0,6,0,0,0,0,0,0,0,0,0,24,0,7,0,0,0,0.0,,,-4.65032842975898,8.05337989735217e-05,0.0294191487155916,ENSG00000213648,SULT1A4,sulfotransferase family 1A member 4,Other
ENSG00000218175.2,56,110,90,58,82,71,417,23,56,48,129,42,85,90,107,193,4,0,0,0,0,0,390,0,0,0,73,2,0,0,3,7,-0.001,0.0009347670366626,0.100271453233581,-2.0497293870623,8.24110185950356e-05,0.0295474024262682,ENSG00000218175,,,Other
ENSG00000220842.6,279,683,282,242,275,536,1197,95,345,343,666,534,476,706,466,1698,0,0,60,0,0,0,0,0,0,0,0,0,0,0,0,0,0.0,0.29959807702209,0.934204405560887,-5.27145746619772,1.17318292082831e-05,0.0082588289078562,ENSG00000220842,RPL21P16,ribosomal protein L21 pseudogene 16,Other
ENSG00000223609.11,115,60,27,18,202,76,181,43,111,50,287,10,107,227,315,143,122,75,29,23,217,79,209,54,193,86,338,15,126,236,338,163,-0.001,6.42550573526294e-06,0.010984402054432,-1.96772224713411,7.3810259850814e-10,4.57256185169492e-06,ENSG00000223609,HBD,hemoglobin subunit delta,Erythroid_RBC
ENSG00000225972.1,2,0,0,6,42,7,104,26,2,1,6,1,1,2,5,5,0,0,39,0,33,0,373,6,5,0,0,0,6,0,0,1,0.0,0.364679049391842,0.959061590097455,-2.98329908642421,2.27899617693833e-08,6.30337785452899e-05,ENSG00000225972,MTND1P23,MT-ND1 pseudogene 23,Other
ENSG00000235169.11,11,3,3,2,17,7,8,6,3,1,81,0,75,62,103,61,11,3,3,2,17,6,9,6,2,1,78,0,73,61,100,58,0.0,0.0121872064204353,0.344468016431227,-1.85242976358442,5.25558600137159e-06,0.0053554421353976,ENSG00000235169,SMIM1,small integral membrane protein 1 (Vel blood group),Erythroid_RBC
ENSG00000243716.12,1,0,2,6,2,0,8,4,0,0,14,2,1,2,20,36,3,2,10,5,4,0,0,18,3,0,20,9,4,1,44,70,0.0,0.0692705776331514,,1.467055276726,5.21067790780662e-05,0.0214646670155413,ENSG00000243716,NPIPB5,nuclear pore complex interacting protein family member B5,Other
ENSG00000269242.1,0,0,0,0,0,0,0,0,0,0,0,0,0,0,0,0,5,3,22,0,0,0,23,0,0,8,2,2,5,6,0,0,0.0,,,-3.44317518685776,5.59485375160783e-06,0.0054160981742439,ENSG00000269242,,,Other
ENSG00000275527.1,2,5,3,1,30,7,41,4,7,1,20,0,7,7,14,7,2,4,2,0,15,2,30,2,6,1,13,0,3,5,10,3,0.0,0.0006117360077344,,-2.55086131593756,4.78493274421273e-05,0.0205869073023784,ENSG00000275527,CLK3-AS1,CLK3 antisense RNA 1,Other
ENSG00000279117.1,0,0,0,0,0,0,0,0,0,0,0,0,0,0,0,0,2,2,11,0,8,0,20,0,4,0,16,0,10,5,9,0,0.0,,,-6.0362067129745,6.43096862553831e-10,4.57256185169492e-06,ENSG00000279117,,,Other
ENSG00000286456.3,0,0,0,0,0,0,0,0,0,0,0,0,0,0,0,0,0,9,0,0,3,0,0,0,0,0,1,0,6,4,5,0,0.0,,,-5.12383539531363,2.45076707542638e-05,0.0131803614853695,ENSG00000286456,,,Other
ENSG00000288681.1,0,0,0,0,0,0,0,0,0,0,0,0,0,0,0,0,0,0,0,0,0,0,364,0,0,0,17,0,0,0,0,0,0.0,,,-5.54780975144853,3.91182148218809e-08,8.41519730184928e-05,ENSG00000288681,,,Other
ENSG00000289273.1,0,0,0,0,0,0,0,0,0,0,0,0,0,0,0,0,33,10,45,0,52,13,258,0,73,0,35,0,75,29,0,22,0.0,,,-3.88710351440827,1.97602208258558e-21,3.82577635409395e-17,ENSG00000289273,,,Other
ENSG00000289316.1,0,0,0,0,0,0,0,0,0,0,0,0,0,0,0,0,2,0,5,0,0,1,33,0,5,0,0,0,3,2,0,0,0.0,,,-4.52015977655531,7.51261428642091e-05,0.0279714856152683,ENSG00000289316,,,Other
ENSG00000289694.1,0,0,0,0,0,0,0,0,0,0,0,0,0,0,0,0,0,0,66,60,39,0,0,0,83,15,0,38,0,12,0,256,0.0,,,1.42054907976956,2.1662315189144e-06,0.0027960272291801,ENSG00000289694,,,Other
